OBJECTID,lau118cd,lau118nm,bng_e,bng_n,long,lat,Shape__Area,Shape__Length,GlobalID
1,E06000001,Hartlepool,447157,531476,-1.27023005,54.67615891,98441690.7574158,65270.0780417175,03d5221c-fddf-4121-9c49-99d6c21bcbb3
2,E06000002,Middlesbrough,451141,516887,-1.21098995,54.5446701,54553584.907608,41055.7759751222,6f8b2d32-b516-43e5-8d16-18cbd29cf616
3,E06000003,Redcar and Cleveland,464359,519597,-1.00610995,54.56752014,253890930.873749,101208.747594727,02da32a6-2e18-432f-b7d2-f25fd406ed6e
4,E06000004,Stockton-on-Tees,444937,518183,-1.30668998,54.55691147,209730813.053024,108085.142727658,477dd00e-71b3-4a1c-9a54-77c2a86ebef8
5,E06000005,Darlington,428029,515649,-1.56834996,54.5353508,197475688.954697,107206.282926211,3c67174f-984f-4514-912b-e4cd530d1833
6,E06000006,Halton,354246,382146,-2.68852997,53.33423996,90321523.2089157,60716.8300996137,810989cc-ee6b-468b-a7ad-504c1fb1b03d
7,E06000007,Warrington,362744,388456,-2.56167006,53.39162827,182383635.115242,84154.555441553,66a18d2e-e25e-480c-a269-7fbf65117a90
8,E06000008,Blackburn with Darwen,369490,422806,-2.46359992,53.70080185,137022077.719894,65284.970849002,0f6defaf-185d-4833-860c-512e4999c129
9,E06000009,Blackpool,332763,436633,-3.02284002,53.8216095,43150773.2085419,36304.9601771457,9cf678ad-8857-4db2-8a91-76639feea9dc
10,E06000010,"Kingston upon Hull, City of",511894,431716,-0.30379999,53.76979065,81497501.4366608,45997.5142815034,3d75f013-9d67-4ccc-b9aa-fa7217895368
11,E06000011,East Riding of Yorkshire,488051,443608,-0.66202998,53.88122177,2494795363.79152,372194.16554884,69652bb6-433b-4008-ba0a-eff564c7072a
12,E06000012,North East Lincolnshire,523454,404574,-0.13926999,53.52336121,203554047.522308,89885.8588061322,3d413b3f-6c9b-4192-8c6f-4c4e23e7c111
13,E06000013,North Lincolnshire,497798,410996,-0.52410001,53.58644867,875684730.274277,185646.340101724,5d82f26c-3dc3-439d-b765-85367f85d039
14,E06000014,York,460864,452589,-1.07375002,53.96582031,272014815.261597,99399.3270533418,cb7c0642-103e-4fb5-aaba-f9074bd93a32
15,E06000015,Derby,435609,335375,-1.47188997,52.91463852,78031122.037735,50037.5395610165,2e466bf5-4520-42a2-8b06-13d3dde78ff3
16,E06000016,Leicester,458946,304594,-1.13039994,52.63592148,73342069.7191391,51931.7063411874,4879e238-91ff-4ae7-9d92-182ec00fab12
17,E06000017,Rutland,492992,308655,-0.62629998,52.66764832,393748905.719757,125884.792335254,8fd65165-8b16-44fc-8a17-1bad670808b4
18,E06000018,Nottingham,456082,339969,-1.16666996,52.9541893,74613562.9979095,58724.0264957703,b0fad52e-5dad-46a5-87e1-c131d5505677
19,E06000019,"Herefordshire, County of",349434,242834,-2.73931003,52.08153915,2179709447.06601,349888.722457912,13809e20-72ca-49d8-b413-6ca967a28880
20,E06000020,Telford and Wrekin,367035,313057,-2.48940992,52.71416855,290313546.428253,118779.667143961,b7c9ebe9-3b0a-49c5-ba69-b34c1c3f699e
21,E06000021,Stoke-on-Trent,389438,346652,-2.15888,53.01707077,93448485.2553482,63974.4081284262,431cbc87-5d7a-40c2-a348-28d554983534
22,E06000022,Bath and North East Somerset,366217,161999,-2.48654008,51.35604095,351123210.187054,141684.537764099,9c35abfd-e3e3-4d39-8fce-559289603a69
23,E06000023,"Bristol, City of",359990,174846,-2.57742,51.47114944,235328726.49316,145315.58465317,64ca8f39-c034-40eb-b557-64cad553db05
24,E06000024,North Somerset,347613,166719,-2.75439,51.39707184,390815091.792049,139299.52534469,bcaf7773-8e98-4443-841d-637119049942
25,E06000025,South Gloucestershire,367559,183196,-2.46921992,51.54671097,536645357.487804,158121.562718265,a2a60fda-098e-4f68-ad53-c5799e485572
26,E06000026,Plymouth,249944,58255,-4.1129899,50.40494156,84362634.4632654,61972.1951184036,78ead367-a9f5-4acc-ae7d-01c33df60aa8
27,E06000027,Torbay,289730,64608,-3.5552299,50.4708786,119467055.984947,52413.7108698258,5cb5e479-aaa7-4666-b497-ecc65e47204f
28,E06000028,Bournemouth,410069,93928,-1.85863996,50.7448616,47168138.4938087,44382.6738227284,dfd24ad1-337c-400c-b3d2-b10ac38458e9
29,E06000029,Poole,403393,93466,-1.95326996,50.74077988,74716162.1591721,46214.7907624573,ce67c98e-c0c2-41ce-8c4b-16b55f698dff
30,E06000030,Swindon,418551,186564,-1.73367,51.57762909,230093380.793114,103014.580608687,9f022b6f-daf3-4fdd-b8e3-f8a8a8330ff4
31,E06000031,Peterborough,517372,300777,-0.26874,52.5921402,343437883.036865,112635.083114773,2e9278e6-6d22-4f97-bdf7-67b0d292c68d
32,E06000032,Luton,508606,222559,-0.42319,51.89102173,43352495.1874924,34569.5865193314,f34cb11e-1b8d-414e-8825-a83e5d089c61
33,E06000033,Southend-on-Sea,587776,186833,0.70690602,51.54914093,67901003.5007858,69436.7550829484,19f99998-3304-4add-a209-c10288e98db4
34,E06000034,Thurrock,562126,181586,0.33490199,51.5099411,184317852.903976,77761.9187170022,c224579e-2114-43b3-9562-f72595155f80
35,E06000035,Medway,578207,175196,0.563173,51.44770813,269063686.436836,92535.6435068078,5cdf6667-e6e4-4a73-93aa-e076bb578e00
36,E06000036,Bracknell Forest,488169,168792,-0.73363,51.41130066,109384210.773521,62507.9159900031,7a9c4711-8f10-4b32-a8bc-d43fb2629012
37,E06000037,West Berkshire,450575,172095,-1.27364004,51.44559097,704169403.399658,166801.57012102,37a182af-6987-4da1-a102-e5b3811efa8b
38,E06000038,Reading,470226,173154,-0.99071002,51.45301819,40397991.5698242,39330.6468303068,f736abc0-4e8a-4893-85a3-40cdb7b7104d
39,E06000039,Slough,498920,179246,-0.57617003,51.50350189,32542008.8858337,44181.3798699955,4e24aaee-fb20-468b-984f-b8ccd92c184f
40,E06000040,Windsor and Maidenhead,492079,176541,-0.67540997,51.48033905,198427168.605873,114829.087115429,1266b082-3cb2-4d5f-8cca-7598ad939e54
41,E06000041,Wokingham,476624,169902,-0.89934999,51.42295837,178965481.032433,86865.5835802133,615e11f6-26ab-4a22-add6-ff6466582c78
42,E06000042,Milton Keynes,486408,242308,-0.74070001,52.07241058,308626792.950798,102960.084732433,3b6eb09d-d4b3-43c8-8c99-d17e63d699a2
43,E06000043,Brighton and Hove,530279,106849,-0.15079001,50.84648895,85376797.6777496,58333.2176055825,68e0d0a5-d473-4d79-b1d5-b88087373efb
44,E06000044,Portsmouth,465607,101357,-1.07023001,50.80804825,60144416.4714928,43572.7240879278,f6a118f6-810b-400d-b592-d2404d155465
45,E06000045,Southampton,442253,113608,-1.40024996,50.92037964,56385169.6377563,37286.160754904,c2e86cc2-6b39-475e-977e-791e9c1c9fcb
46,E06000046,Isle of Wight,447186,85950,-1.33361995,50.67129898,394928881.989567,133586.941578423,31bb181b-ed70-457a-9dc8-74f5b30ec1b2
47,E06000047,County Durham,410381,532242,-1.8405,54.68513107,2232698640.05476,309346.126570336,a13e37f5-5676-48c6-a749-92bdc141c345
48,E06000049,Cheshire East,380510,363462,-2.29298997,53.1679306,1166357385.30634,301224.594426754,00ff27ff-568e-4f91-8ee9-3e14bd0a8a1e
49,E06000050,Cheshire West and Chester,353097,363145,-2.70298004,53.1633606,941207280.354843,258517.791479352,914d6aae-f21f-4beb-89a6-c27258859f3a
50,E06000051,Shropshire,350227,302960,-2.73667002,52.6221199,3197275385.17007,580648.558157417,5b2e590e-7db7-4964-acdc-9ca7aedb3ac1
51,E06000052,Cornwall,212501,64494,-4.64248991,50.45022964,3613442430.95773,786375.555542528,8ff877ed-ed40-4521-bd94-fcb3b41f5638
52,E06000053,Isles of Scilly,91327,11447,-6.3021698,49.92332077,22849391.0944341,176560.403350368,3600e1d0-1d13-454d-b465-6cec92e610cc
53,E06000054,Wiltshire,405209,158863,-1.92660999,51.32883072,3255338111.52392,402006.233070405,324dc7f1-c32d-4f2c-93fe-a9f7b3d586b1
54,E06000055,Bedford,505721,256463,-0.45462999,52.19628143,476408304.747139,131721.047191316,e9e2034d-6178-4954-ad2a-1c86e07006ab
55,E06000056,Central Bedfordshire,504615,234492,-0.47753999,51.99903107,715665293.824196,232692.275432859,1faefa5d-f4b3-42e2-8d89-2dbf7658b56e
56,E06000057,Northumberland,395323,600699,-2.07521009,55.30036926,5078180251.93988,554984.569955001,b76c6a0d-0680-4885-a809-af448c0140e3
57,E07000004,Aylesbury Vale,477330,223021,-0.87746,51.90037918,902753230.253349,243091.481221897,b8965a69-8d31-4320-9a02-52432d3d8e15
58,E07000005,Chiltern,495432,198692,-0.62111998,51.67890167,196348229.861809,87262.4476748897,094ca689-acd1-4ca0-9283-298c26177c81
59,E07000006,South Bucks,498198,185455,-0.58484,51.55944061,141275608.71331,85473.7580835432,123617e6-94f6-417b-8576-5e1363485198
60,E07000007,Wycombe,482477,197052,-0.80883002,51.66619873,324572080.623993,113201.554384361,88f6c544-c123-414c-ac93-e1779bd234bd
61,E07000008,Cambridge,545420,257901,0.126436,52.20016861,40698798.3254242,37170.4346798092,12db8065-b634-4610-a450-991ab96583c7
62,E07000009,East Cambridgeshire,555577,275765,0.28316301,52.35787964,651720400.57692,192582.751091027,7a57b33e-78a9-4316-a50e-fcd5af48e680
63,E07000010,Fenland,536361,294959,0.009016,52.53543854,547355376.791245,153633.16506818,4c4ca8e1-4df0-4b8e-87a0-db4240f0e1a8
64,E07000011,Huntingdonshire,521010,274271,-0.22466999,52.35316849,912545824.339882,222221.142220106,948450f9-698e-48f6-9215-e163a3921b40
65,E07000012,South Cambridgeshire,543295,247586,0.091017,52.1080513,901687153.086098,256919.662003301,a63988b5-5b66-44b4-aed5-47311a7286fb
66,E07000026,Allerdale,317516,532995,-3.28096008,54.68523026,1320563611.29868,235809.565793755,27eeb894-250c-4e86-92ad-9db6de43b830
67,E07000027,Barrow-in-Furness,321750,474171,-3.19975996,54.15737152,132063831.52504,78162.9658924969,6a94504e-daa9-4b6f-941f-e09d5ab9fc2b
68,E07000028,Carlisle,348444,565195,-2.80704999,54.97867966,1054358246.28139,218519.495210059,5eb7bb2d-c904-463e-bd58-6565cd59f708
69,E07000029,Copeland,310871,508741,-3.37664008,54.46619034,775821420.332794,165748.097379041,4e3fe089-4dc1-4844-bc04-d22ea4527aff
70,E07000030,Eden,359636,526396,-2.62678003,54.63106918,2156474483.61784,268724.70998752,54a272c7-141f-4e5f-aea2-6323ff0467a1
71,E07000031,South Lakeland,349265,489554,-2.78108001,54.29906845,1743190998.56575,322742.327381798,605b9668-dfb4-4444-aebc-28050fefb1b9
72,E07000032,Amber Valley,436166,348084,-1.46219003,53.02883911,265437862.99411,109035.244476506,a1b534ec-88da-4ce0-905d-353869a9d0f1
73,E07000033,Bolsover,448666,371548,-1.27227998,53.23875046,160334653.839478,96238.9477403148,607654d7-127d-4807-85e8-c22bbe3d649b
74,E07000034,Chesterfield,440049,373359,-1.40114999,53.25574875,66035290.2909851,52617.6182198187,87b42077-6a03-4160-b656-2ec6de5a7680
75,E07000035,Derbyshire Dales,419697,358493,-1.70711005,53.1232605,795318060.252586,245474.060702512,eb65f179-32d9-4f3c-a78e-ba5243a4d39a
76,E07000036,Erewash,443721,338063,-1.35090005,52.9382019,109630046.225449,73547.4022968837,9205f6e5-c018-4d11-9219-d29e3e7ffee4
77,E07000037,High Peak,410474,387660,-1.84397995,53.38568878,540253999.55368,159632.564739281,a0e1f55d-71d0-48ae-832d-2cf11d86ac3e
78,E07000038,North East Derbyshire,437369,362955,-1.44253004,53.16242981,275623527.349777,161243.224330659,8da63920-76eb-4259-83ea-31c71bf28f81
79,E07000039,South Derbyshire,431434,325365,-1.53494,52.82492065,338128985.17643,166772.347560949,a50ce4b0-da9d-4989-9c1e-4b1f1452b61b
80,E07000040,East Devon,313775,96055,-3.22380996,50.75764847,823704656.156157,220917.736127264,566a9da3-b8de-4645-b9dd-81b76ee3bf07
81,E07000041,Exeter,293236,92003,-3.51372004,50.71780014,47888326.7443886,37265.5836263756,87fcfc2f-46da-4ad6-8e16-96b5812fc039
82,E07000042,Mid Devon,288064,108911,-3.59211993,50.86882019,912897723.425718,246408.589979292,fa804dbb-8c80-4ebb-830e-391741a081f6
83,E07000043,North Devon,265110,132524,-3.92690992,51.07612991,1105045262.17053,238471.474180404,998ec083-a74a-4eb1-865a-a2a42eb6d955
84,E07000044,South Hams,270677,54033,-3.81994009,50.37192154,905247776.648475,321909.953107554,c0627bea-0ea9-430d-8a87-8be2cfa1e889
85,E07000045,Teignbridge,283069,80251,-3.65395999,50.61019897,681008170.527878,160799.400226843,c4f381bf-72dc-4e79-9bf9-835098422092
86,E07000046,Torridge,244206,114405,-4.21730995,50.90802002,995593253.305752,306014.604973318,a697cd72-f4f8-48e7-b2c3-0a8076d3bcdb
87,E07000047,West Devon,256379,86998,-4.03356981,50.66487885,1164717857.72514,240914.250261244,0be1a715-fe99-41d3-9119-999f6122acf5
88,E07000048,Christchurch,413093,96313,-1.81570005,50.76625061,51695581.4196167,51862.8811952216,ea231076-db60-4101-ab0c-be4029668cbf
89,E07000049,East Dorset,401685,109966,-1.97739995,50.8891716,354417945.909554,138644.611724699,6d158e1f-2361-46a7-8a82-d3217d0c1323
90,E07000050,North Dorset,381794,113407,-2.26037002,50.91981888,609217913.307442,158747.015169319,b2543731-9d24-4e2b-803d-ba6cc8847cc7
91,E07000051,Purbeck,391183,88321,-2.12617993,50.69445038,427583920.605143,130323.912291493,847bd5d2-a70f-4f1b-9625-f5d8f0af6417
92,E07000052,West Dorset,357765,99663,-2.60061002,50.79497147,1087062366.57681,263686.142997732,dd809d10-ebbf-4b43-89e9-9f62d3df8155
93,E07000053,Weymouth and Portland,368175,81510,-2.45133996,50.63240051,42995992.7892284,69946.4939606658,139cf50f-7fb4-4095-a352-fcb8cb1ab1b2
94,E07000061,Eastbourne,559351,99605,0.258699,50.77413177,45529041.265152,39868.8000266735,1d933ed1-ff5e-4a3b-aa19-ef0aebdb2be2
95,E07000062,Hastings,581599,110745,0.57942897,50.8676796,30831904.5438347,35537.4369471259,e55f48bc-6556-4a36-a756-3879e27d5f53
96,E07000063,Lewes,541474,105685,0.007671,50.83340836,294389316.112667,115467.494560751,6ca6fb4b-9e93-42d3-9eec-f906d2aa11a4
97,E07000064,Rother,578730,119663,0.543064,50.94868088,518153216.607445,163679.304540779,6fa02f59-edc5-48af-a627-666309f0d2d4
98,E07000065,Wealden,555048,117173,0.205153,50.93315887,836265351.001453,218953.018862301,be95e30b-3163-4909-8c2a-4c87865990aa
99,E07000066,Basildon,571548,190848,0.47505501,51.59035873,110445913.217842,59670.3406701479,273ab598-9a83-47b3-afe1-fc7fb92369a7
100,E07000067,Braintree,577253,227335,0.57591099,51.91633987,611707970.959412,168686.351196295,30d77d22-b5d2-4de1-81f5-5970a3898944
101,E07000068,Brentwood,558560,196070,0.29009101,51.64107895,153124048.243637,72339.3686731345,1ec17bec-4b89-40ab-88ec-251130433d30
102,E07000069,Castle Point,579490,187921,0.58808398,51.56159973,63698510.1670303,45413.9862509904,19345aa4-b06b-427a-afcc-647f9a15d930
103,E07000070,Chelmsford,572115,206972,0.49116299,51.73503113,342997303.851624,113219.194444276,54273315-c4b5-4c36-9589-fa76b7ff1e00
104,E07000071,Colchester,596944,223692,0.85977602,51.87701035,346713305.620949,130441.813094946,0a5ab4b5-7cfe-47ae-a8b8-3998ef9884f9
105,E07000072,Epping Forest,548919,203758,0.154147,51.71279144,338984123.20784,123273.061561555,63f8e16a-ebe0-4cac-b80f-a9d95c82d052
106,E07000073,Harlow,545276,209589,0.103888,51.76613998,30537916.4398041,28515.3661767038,38b881fb-49e5-4778-ac9d-ad04a9779a28
107,E07000074,Maldon,591460,212199,0.773857,51.77571106,426688538.478554,110634.297472398,b9f17693-2e35-451e-9cd4-d0947de4bc45
108,E07000075,Rochford,585981,191420,0.68347299,51.59093094,263411109.837151,190664.404752371,388676b6-d666-4452-a958-c345b2bb04cf
109,E07000076,Tendring,614203,222163,1.10918295,51.85692978,365817970.265457,100530.826840546,fa634245-1297-4201-9a08-fcccf1561751
110,E07000077,Uttlesford,557832,228865,0.294485,51.93592072,641182810.856102,166508.365592144,e852b58d-e4ad-4c8b-a406-ff492af87806
111,E07000078,Cheltenham,394925,222232,-2.07515001,51.89860916,46596067.4415131,38230.7496264617,9ed556f5-f68c-4fe6-940e-83ba51b2c158
112,E07000079,Cotswold,402125,208209,-1.97059,51.77254868,1164524406.79546,332444.232080673,4be73f0d-16ae-4d54-be9e-a6002262176d
113,E07000080,Forest of Dean,367175,212759,-2.47755003,51.81248856,561432344.324471,191633.533246259,11257d5b-c4b5-4739-9698-ed667a389bed
114,E07000081,Gloucester,384071,216449,-2.23263001,51.84640884,40826625.3326263,31275.99126159,f8f531f9-448d-4ab6-b0e3-bd98f6360428
115,E07000082,Stroud,378806,202410,-2.30819988,51.72000885,476173157.232986,171981.309168682,38046e8c-f097-4c3f-8f05-6bd9e56e6fe7
116,E07000083,Tewkesbury,386347,226279,-2.19998002,51.93484879,414975907.366791,201682.993795658,170904cc-3edf-42d8-a088-5c41f9867eaf
117,E07000084,Basingstoke and Deane,454508,151423,-1.22020996,51.2593689,633817169.870384,143437.05784714,25987620-bf03-40b4-8657-5f3f02401ddc
118,E07000085,East Hampshire,474404,129237,-0.93971002,51.05765152,514432071.586884,144540.453365179,1a43b0ff-20ce-4806-aa14-510f9cf600dd
119,E07000086,Eastleigh,447202,116802,-1.32942998,50.94871902,85267981.1648598,67974.0451246757,1fbe4534-c2aa-4001-b433-ea1d205cfac5
120,E07000087,Fareham,453774,106324,-1.23741996,50.85393143,77799778.9428177,55124.3034849513,6aafc8ab-c92c-47f9-adc2-08895cf03878
121,E07000088,Gosport,458773,101094,-1.16725004,50.80641174,27577819.2679176,25740.1373930461,17981356-08e3-46d9-a7ca-bd36c8b16b53
122,E07000089,Hart,477985,154240,-0.88321,51.28197098,215265080.607994,77847.6234183604,96f21319-1366-4dbb-804a-27012b70ca92
123,E07000090,Havant,470177,108563,-1.00399995,50.87229919,79099462.8528557,55492.767224641,b64f7d6c-0686-494f-8e30-0594c2c40425
124,E07000091,New Forest,428999,106521,-1.58936,50.85747147,776909131.529797,185326.749833684,ed60b6df-f4f3-4adf-b39c-395fa0a15f5b
125,E07000092,Rushmoor,486022,153944,-0.76806998,51.27814865,39045037.5210648,31892.9885456316,90a468a2-300d-4979-8819-de25ab7f8ff4
126,E07000093,Test Valley,434930,137329,-1.50214005,51.13417053,627621780.038605,185842.651370249,c3eae7ba-e9c0-48f2-ad9c-6dbd012ef165
127,E07000094,Winchester,453115,125901,-1.24392998,51.03002167,661070808.029869,167985.773523296,311c89cd-b2ee-41e6-a8f3-0ea5da6ecaaa
128,E07000095,Broxbourne,534742,204251,-0.05073,51.72079849,51442306.1032791,39068.5880395357,88515def-4f47-4afa-99e8-12619fed0b4e
129,E07000096,Dacorum,500084,208745,-0.55097997,51.76845169,212476399.666328,110103.590064806,04f391a6-ed42-4fe5-bab4-fe0a0b22d285
130,E07000098,Hertsmere,519774,199352,-0.26899001,51.68016815,101128161.071037,61228.0585616076,572aab62-e261-4a6c-90df-bfb4eba398d4
131,E07000099,North Hertfordshire,522192,230256,-0.22314,51.95737839,375382308.879875,168316.595119579,9673d9f1-d43e-4879-a5f5-3bfa1bebc907
132,E07000102,Three Rivers,507313,196418,-0.45005,51.65631866,88824172.9447708,74112.280501679,f97f1646-09cd-4f2e-a620-86487fc25eaf
133,E07000103,Watford,510441,198197,-0.40428999,51.67169952,21430348.3833084,26392.3395749481,364b76f6-e8d2-4e02-8193-b84cdfa745cc
134,E07000105,Ashford,597640,140644,0.82337397,51.13095856,580617297.67646,149446.359799188,787b77da-f769-4a6c-8c09-6de6f5426c64
135,E07000106,Canterbury,616026,158096,1.09625697,51.28102875,320889407.057426,120523.078534158,a6dbc90d-9cb4-42ea-a6bb-4155c041f8de
136,E07000107,Dartford,556167,172917,0.245276,51.43373108,76310422.5502701,52447.155460043,ce5f0ad3-278d-4b82-9cc3-7e44d92c58f5
137,E07000108,Dover,628967,150940,1.27692902,51.21173859,320827247.88958,114701.671284128,29ca00d4-83c9-48d8-8622-f0e6a09f4ece
138,E07000109,Gravesham,566969,169115,0.39874399,51.39649963,104958777.859673,59361.9762262088,9c69a871-06f3-4c70-be6c-497aca9e1e7a
139,E07000110,Maidstone,580489,151670,0.58406103,51.23566055,393350736.091339,121874.075259524,b14e1afb-d387-4053-9d98-c470cddf6be0
140,E07000111,Sevenoaks,552776,155218,0.188936,51.27563095,370346874.057503,134435.271000291,4dc8848b-a3c4-4177-9729-f0d7ca8882c5
141,E07000112,Shepway,610318,134597,1.00079596,51.07215118,365515090.783539,150085.354696952,8c9a3a12-b4f1-4bd3-bac2-0eeedd67f98e
142,E07000113,Swale,593761,161976,0.77952999,51.32387161,422095544.423737,110046.100832697,485491e9-bbc4-4ea9-ac2f-11cee9d7ac91
143,E07000114,Thanet,631844,166753,1.32829797,51.35253143,112338889.876274,55446.0070687291,6bdc00c8-896e-4081-99e6-d4632020706f
144,E07000115,Tonbridge and Malling,564014,153898,0.34930599,51.26063919,240973426.611366,109908.239053937,28947b97-099e-49b8-8aab-1f41900cbd5c
145,E07000116,Tunbridge Wells,573139,136599,0.471632,51.10253906,331328869.77977,150590.310282332,fac8e339-87a4-438a-b368-adcd12ee2446
146,E07000117,Burnley,384886,430882,-2.23079991,53.7740593,110683996.157043,57764.4855887247,a8988c77-872a-420d-ade7-13fdf7e2095e
147,E07000118,Chorley,359189,419724,-2.61921,53.67240143,202905457.975555,95556.8586410804,9c68ce5d-84a6-4d04-b8d5-0e2ae43c5e34
148,E07000119,Fylde,339562,433812,-2.91901994,53.79710007,182633354.030869,77746.1321838064,3df8bcba-5704-415e-a529-040e1f67bb3a
149,E07000120,Hyndburn,374407,428971,-2.38964009,53.75648117,72997477.4864197,42655.4826648461,4f325717-2068-460d-a39a-19513a0609af
150,E07000121,Lancaster,356896,464988,-2.66030002,54.07901001,654210103.461807,179857.084240688,2cdc675a-a5e5-4935-aa11-73cdb6ba19ab
151,E07000122,Pendle,387637,443368,-2.18956995,53.88636017,169380097.366913,79243.5506704749,fa43d9d4-de40-47e7-a2ea-279043bcd84d
152,E07000123,Preston,352820,436429,-2.71816993,53.82199097,142944800.106384,71123.290723374,f25765d2-c75c-4bc6-a1ac-40aa0d0e9b48
153,E07000124,Ribble Valley,372687,447676,-2.41739988,53.92449951,584471494.603607,150499.857637469,0bac8f97-f837-4395-897c-a3add239b889
154,E07000125,Rossendale,382827,420955,-2.26149011,53.68478012,138040900.930695,71149.6837045096,e1dcc4a9-8173-44cc-8438-c888c6b79520
155,E07000126,South Ribble,352016,425840,-2.72872996,53.72674942,114615086.514328,75383.6081477818,b7a6be37-e250-4cc0-9f4c-839ad143c29f
156,E07000127,West Lancashire,342611,413268,-2.8689301,53.61280823,381095009.191521,146561.784456425,3e0c42b1-cdd3-4afa-a867-89c982294d9d
157,E07000128,Wyre,347227,445159,-2.80462003,53.89990997,329030182.022217,137376.287740731,ae6174ab-d94f-4deb-8206-21195ddcc886
158,E07000129,Blaby,454385,297994,-1.19886994,52.5770607,130468686.102112,100819.762169788,82bf38f5-c9ed-4567-a6f0-db837df14361
159,E07000130,Charnwood,458365,316155,-1.13694,52.73989868,279042262.578705,115474.232010378,b19ee771-371d-427e-8358-e85d2499c4f3
160,E07000131,Harborough,474549,293875,-0.90228999,52.53765869,592692037.3339,185950.642085492,dd32c924-91fd-47d8-a232-ce8a8bf51481
161,E07000132,Hinckley and Bosworth,439538,301379,-1.41754997,52.60876846,297349264.951469,111595.998686431,1e11d9d5-5317-4197-a579-a30c6304abf2
162,E07000133,Melton,477328,323472,-0.85439998,52.80329132,481380513.53447,140629.238046283,b31a0228-fb38-484a-a64f-e38304f5375e
163,E07000134,North West Leicestershire,439111,316252,-1.42209005,52.74250031,279328078.843712,116453.019704543,aeb01aff-a707-410b-b9f5-96e6df173570
164,E07000135,Oadby and Wigston,461543,299379,-1.09300005,52.58874893,23526097.0133438,31171.7429906719,c23a3c58-c7e8-4a1b-96eb-a98074f5b7ea
165,E07000136,Boston,526851,343953,-0.11218,52.97793961,397792712.791916,114897.31843109,e3f173b2-75a8-48ba-8ac1-157c1d0165cc
166,E07000137,East Lindsey,534862,376106,0.020549,53.26483154,1831072763.37726,216618.040012505,489a2fbd-205d-4be4-bb63-98a2f61a6608
167,E07000138,Lincoln,496347,370096,-0.55848002,53.21921158,35690279.2187042,32969.6826269962,b38df3a8-6bee-4ea0-ae74-8d3c0fbfb239
168,E07000139,North Kesteven,502135,354788,-0.47670001,53.08058167,922471382.096298,181807.535283372,f677ea40-8c47-4c7a-baff-c491f7893825
169,E07000140,South Holland,532909,322928,-0.03058,52.78757858,815503688.180206,193038.946835544,02ec7b84-819b-4f48-9dec-082ab1d24a2e
170,E07000141,South Kesteven,501406,328986,-0.49564999,52.84885025,942585796.04982,209816.198498703,e03f0208-f0d4-4a25-967f-40380fd942e3
171,E07000142,West Lindsey,499314,390326,-0.50774002,53.40044022,1157652129.08328,247208.311415184,bbe182c9-4b10-48db-96b7-cb6b4750f849
172,E07000143,Breckland,591015,303330,0.81871599,52.59421158,1305116642.13052,239527.477314702,6b2a950e-bc3b-4b1d-aee0-fc2e93ffd119
173,E07000144,Broadland,619865,315909,1.25233197,52.6962204,553244221.543167,202158.921161943,666e062b-8273-4435-bebb-79efc53a7169
174,E07000145,Great Yarmouth,646760,315882,1.64949596,52.68439865,182472019.142334,85735.9782068894,18ea6b39-123f-41b5-84ed-64da3dbe6d4a
175,E07000146,King's Lynn and West Norfolk,571220,315805,0.53325802,52.71282959,1527658917.89366,287332.351959681,0913fc45-c7fd-43b2-a6c5-e6ca8654c058
176,E07000147,North Norfolk,611083,330845,1.132195,52.83377838,990398002.051208,244854.053716478,272d9670-fb82-4506-8b27-f76d7d55a664
177,E07000148,Norwich,622355,309773,1.28497899,52.64012909,40554153.2476196,91965.2757005023,ac0a9c54-a5de-4f0f-a2ff-96793a0c50c6
178,E07000149,South Norfolk,628991,295823,1.37324798,52.51218033,908906502.488235,231382.065942281,3806a12e-cf1c-42b5-8dde-39776e6aac3a
179,E07000150,Corby,487862,290681,-0.7069,52.50696945,80280908.3462372,66291.4903690826,c2ba548d-185a-405e-b9a0-83b8ff0d04fe
180,E07000151,Daventry,467286,268437,-1.01446998,52.30994034,665600471.028465,181982.541517416,20940fc1-05c2-493a-9e50-a3ca75db6174
181,E07000152,East Northamptonshire,501344,287839,-0.50919998,52.47909164,509787250.157646,163228.718250784,3fe86816-ce01-49c3-82d0-19def06b2dcd
182,E07000153,Kettering,483866,282852,-0.76773,52.43722916,233489923.879669,100689.368723762,37b5e5f7-da12-42c5-9d7f-c4af4b90d3de
183,E07000154,Northampton,476495,260539,-0.88121003,52.23775101,80771940.018219,46341.4287971078,e308c28a-610d-4ecd-bdcb-2c21908e13e1
184,E07000155,South Northamptonshire,463000,247077,-1.08129001,52.11843872,634023175.530182,225304.009887473,8b063606-ea23-46bd-8e69-bbf73d25f27f
185,E07000156,Wellingborough,487787,266827,-0.71425003,52.29257965,163036490.925812,69758.3333550893,ee7f7836-84a9-4afc-8217-c15d63086aaf
186,E07000163,Craven,389514,461989,-2.16165996,54.05376053,1178807442.52036,199883.601381585,4405e269-6ec0-4e26-a4a0-5e39f04f79de
187,E07000164,Hambleton,443009,490546,-1.34048998,54.30871964,1311228117.86951,298519.475635944,92ace63c-6a57-4f2f-8f7c-9f7ca6195ad4
188,E07000165,Harrogate,427473,464652,-1.58160996,54.07707977,1309127597.60068,246964.324857911,528073f1-6931-4786-9c0c-04caf83045b7
189,E07000166,Richmondshire,401039,495786,-1.98552001,54.3576088,1318707280.58128,221709.925574322,b3c36b63-9f57-4465-b435-b0e86cf98181
190,E07000167,Ryedale,475590,478890,-0.84276998,54.20021057,1506593794.13737,249893.858455843,7709a3b1-a563-4927-bd25-54be6d00fe9f
191,E07000168,Scarborough,495797,495547,-0.52780002,54.34648895,826253514.201248,259850.911520295,5311f942-00c2-482c-b8db-8b2f8e551358
192,E07000169,Selby,457551,426670,-1.12908006,53.73326874,602223252.986343,171511.000252497,8e4863bb-2558-4496-8f0f-c2a28bc2a538
193,E07000170,Ashfield,450035,355843,-1.25422001,53.09746933,109557940.246552,69174.7053463421,4c72ee85-c558-482c-84ab-a6d8b98e5392
194,E07000171,Bassetlaw,468073,384835,-0.97869998,53.35604095,639492913.398666,155041.482466865,45269b17-0822-44b3-99cc-d480e4b3f88a
195,E07000172,Broxtowe,449829,341893,-1.25943995,52.9720993,80098845.9265594,65999.6214656476,246be75e-9a37-4f21-a870-d06f2d7a43b6
196,E07000173,Gedling,459184,347811,-1.11907005,53.02434158,119981499.638611,69754.2651016974,2c512339-99a6-4294-8ad8-0b0a9c0cbbea
197,E07000174,Mansfield,455047,363637,-1.17804003,53.16703033,76696895.9881744,51090.7351107377,080f92ea-e60a-4c0b-a08a-a51303e92167
198,E07000175,Newark and Sherwood,470624,357451,-0.94643003,53.10960007,651835346.605164,179821.548979665,9b5b8c47-4546-465c-bb3f-86942c1f2451
199,E07000176,Rushcliffe,466606,335453,-1.01097,52.91239929,409231529.798523,123324.133407593,f128379f-cea8-4fa3-bb53-02c7cd09c74a
200,E07000177,Cherwell,449301,221201,-1.28506005,51.8871994,588741171.94664,225625.530940298,999949dd-0f39-4ed0-86b4-591cb2c31ee3
201,E07000178,Oxford,452277,206368,-1.24405003,51.75357056,45602891.8099518,34999.0205338212,67f8bf52-4c93-403c-9558-151fefa3ddbd
202,E07000179,South Oxfordshire,463890,191964,-1.07846999,51.62287903,678537173.846718,205361.184081776,f36de0e6-cf9c-4855-a5dc-034f6a066929
203,E07000180,Vale of White Horse,435693,195197,-1.48543,51.65443039,578644544.786781,175937.886308949,8b3c7de6-bac9-4911-b06f-42ceeb7b8f16
204,E07000181,West Oxfordshire,434343,215816,-1.50292003,51.83990097,714422027.522202,160247.375127129,3ee3a8c1-5134-4163-b5cc-90dbc7e45fa0
205,E07000187,Mendip,362238,144090,-2.54177999,51.19475937,739435426.003937,198849.738808002,6f2200dd-d3be-494c-8f8c-cf1c2b42e379
206,E07000188,Sedgemoor,338426,143997,-2.88250995,51.19184875,605873979.517735,199260.977935272,6e696139-d4be-4f90-8e8d-160cf7d1040c
207,E07000189,South Somerset,345633,120798,-2.7758801,50.98398972,959058124.372885,240610.328293637,3c2f1c64-05d7-4ec6-9e58-2d80d02ce7b0
208,E07000190,Taunton Deane,318327,123470,-3.16542006,51.00479126,462502815.173168,155921.841338188,555d7cee-efac-451f-ae59-1424523ebfe8
209,E07000191,West Somerset,294768,136702,-3.50494003,51.11989975,746983396.587677,183816.939259343,476a9aa0-ded8-40df-a41d-7f775473823d
210,E07000192,Cannock Chase,401261,311553,-1.98276997,52.70166016,78882572.8759308,50127.5777324929,c4e84d15-8613-4464-b3bf-4bf3fa89ef01
211,E07000193,East Staffordshire,412601,326569,-1.81438005,52.8365097,389985154.880875,183775.436398575,d4d59ef0-0efc-4001-a2d2-ccb3315e1c92
212,E07000194,Lichfield,416283,310967,-1.76048994,52.69615173,331294320.813362,127468.131918194,b8de06fc-dd49-4123-8938-80e880a274fa
213,E07000195,Newcastle-under-Lyme,378199,345174,-2.32630992,53.00344849,210957320.360367,108258.868184679,4aa042b3-1487-49d2-9719-c6accec989e1
214,E07000196,South Staffordshire,389625,311037,-2.1549499,52.69691849,407322251.59687,184894.033890284,246d1f72-d904-4b7b-b002-ad95be6dbd42
215,E07000197,Stafford,389001,327836,-2.1647501,52.84791946,598172229.735245,159078.516032798,bd7056b5-7b92-4a88-99fd-ae798ebe43c6
216,E07000198,Staffordshire Moorlands,400543,352443,-1.99334002,53.06924057,575849816.225845,152447.971105766,6ad6ad8b-8322-4dd4-aded-7c7b74d97d08
217,E07000199,Tamworth,421455,302550,-1.68450999,52.62031174,30850724.4722595,30729.9145055668,feda95e6-07f5-49a3-9da5-d4e6d9847900
218,E07000200,Babergh,599994,244657,0.91623098,52.06417847,612041238.894531,172205.640696003,041a75d7-0ed9-4056-8b2d-249a02586c3f
219,E07000201,Forest Heath,572316,273586,0.52760601,52.33330917,377710787.066971,146442.656238544,f2f31fb8-0f8a-4caa-b3eb-bb224e6fa3f7
220,E07000202,Ipswich,616954,244670,1.16326702,52.05791855,40300126.1005859,36991.9265469996,880d915b-1403-4c2e-88dc-bd82b0e05f7c
221,E07000203,Mid Suffolk,611646,262338,1.09695303,52.21858978,871070650.020996,191154.564185772,14fe4c6a-cb26-438c-96a2-2407d84b1220
222,E07000204,St Edmundsbury,582672,265927,0.675273,52.26118088,656964995.447281,204397.204678078,b8ebd3a9-f1a8-4a8f-860b-136fe3a3560b
223,E07000205,Suffolk Coastal,633247,258767,1.41014194,52.17782974,920700407.798157,174873.952542951,888db8e5-b9aa-441a-b8a8-b9f7ba99e160
224,E07000206,Waveney,642301,287890,1.56323695,52.43524933,374786464.162247,125169.233879886,69923dd2-8cc5-48e1-8c66-32aaa488177c
225,E07000207,Elmbridge,511882,163658,-0.39441001,51.36098099,96334279.320076,52205.9696451792,5a0ec0f6-9701-4c4f-afae-1982283ae240
226,E07000208,Epsom and Ewell,521176,161475,-0.26172,51.33945084,34079154.7947311,28503.677269205,15859b1f-5f61-482d-964e-faad2c07a605
227,E07000209,Guildford,500408,151481,-0.56256998,51.25365829,270931185.378708,128414.079657742,243645e6-afd5-42db-8487-31468d0f0dde
228,E07000210,Mole Valley,518377,148953,-0.30603001,51.22748947,258320947.953148,105402.650414811,8b708f5e-1cef-4431-b567-70a272703873
229,E07000211,Reigate and Banstead,525786,152574,-0.19870999,51.258461,129143924.043068,79923.3683084951,be6b5085-d756-423e-884c-7c27fac92d76
230,E07000212,Runnymede,501777,166979,-0.53855002,51.39273071,78040686.1335068,45677.2925999559,15d5beb2-96ee-46b5-9c57-4c9b862fd715
231,E07000213,Spelthorne,507012,169622,-0.46254,51.41551971,51161363.398262,44134.4401661185,6f3ac0e9-61aa-4593-bcf0-3a1917e237e0
232,E07000214,Surrey Heath,491362,160483,-0.68985999,51.33610153,95092968.6757889,53559.6328577338,94e0b046-0843-47a0-a00c-90d4f2017e73
233,E07000215,Tandridge,536365,150325,-0.04805,51.23580933,248194570.705833,83136.7968808586,78fe015f-3a0c-43e3-aa4f-32b6582094ad
234,E07000216,Waverley,496363,140635,-0.62343001,51.15686035,345170245.887634,125435.758595445,98b6cba4-89d7-48ce-85e5-781bb20e415f
235,E07000217,Woking,499087,157542,-0.57981998,51.30836868,63603602.3053894,54781.3134826313,276cca24-fce5-4a21-bebb-880a12523458
236,E07000218,North Warwickshire,425570,296399,-1.62419999,52.56483841,284263710.77771,113280.515372634,19746fb1-fbf3-48e2-a949-34930a01b2d7
237,E07000219,Nuneaton and Bedworth,435419,289352,-1.47965002,52.50093842,78950300.5265198,48148.5842918701,f07a2564-32d0-46fa-86ac-aad44465579b
238,E07000220,Rugby,446498,276244,-1.31827998,52.38227844,353557292.145805,115093.366656137,ac9b01c3-b8ba-4c01-9139-4eee74343b01
239,E07000221,Stratford-on-Avon,425019,251536,-1.63565004,52.16154099,977869059.052246,261383.659916798,507f5a9f-f12f-4f78-9fd9-ee00e7c7943f
240,E07000222,Warwick,428484,267113,-1.58369005,52.3014183,282882315.644897,116717.10845982,9c0f47c1-984b-4802-8c99-08bfca03f23e
241,E07000223,Adur,518065,106473,-0.32433,50.84572983,43563960.4029808,35569.2776207222,e6033525-e075-47cb-a8c3-02dd5e1ad80f
242,E07000224,Arun,495145,105724,-0.64998001,50.84320831,224280740.508667,114323.765343386,369601a2-239b-43a6-bfcd-0df9c472d78e
243,E07000225,Chichester,490285,116600,-0.71630001,50.94176865,811873381.087048,169615.446190399,d975c065-c2c3-41b0-8b06-083f98e92558
244,E07000226,Crawley,526390,137581,-0.19532999,51.12356949,44971204.1944962,38799.4108801393,ef8f99ef-2762-43fb-9cb1-1ac21a55de8b
245,E07000227,Horsham,513676,123839,-0.38123,51.00270844,530962112.556305,157501.050512144,432030e8-3983-444e-ab5a-3d3107dd1b1e
246,E07000228,Mid Sussex,533054,130623,-0.10272,51.05952835,334029224.309723,132912.148736438,05eeb73c-340e-4338-884f-99413a6da8df
247,E07000229,Worthing,512679,104948,-0.40127,50.83309937,33782684.7469254,29138.8932713397,be55dc7c-3146-401f-a7a8-c62365a1150b
248,E07000234,Bromsgrove,399840,273736,-2.0037601,52.36169052,216968484.880783,113135.320094593,03826407-c364-4d22-b7db-6f887eb59d87
249,E07000235,Malvern Hills,377465,252197,-2.33088994,52.16757965,577070980.137039,230605.324033369,bed1df40-f2fd-4b90-a272-46c7a5482995
250,E07000236,Redditch,403705,265253,-1.94710004,52.28541183,54250912.8719635,41301.7135969175,75b219e9-9806-47c1-b085-4a64eb6a54f8
251,E07000237,Worcester,385725,255196,-2.2102499,52.1948204,33278124.5786743,31263.0449428628,04278938-d84c-4f6c-83c8-83d5532e14fd
252,E07000238,Wychavon,398991,247839,-2.01613998,52.12886047,663541964.40107,219519.617397714,4f812130-bc34-415a-a072-95ce22238171
253,E07000239,Wyre Forest,384106,276388,-2.23494005,52.38529968,195403719.615501,100867.078386292,20e8285d-f91c-4fad-a019-ef3767bcc942
254,E07000240,St Albans,514580,209623,-0.3407,51.77355957,161205875.51165,72946.0571029395,e6c2a704-d0ad-4d56-ab51-8fa5a3c79c70
255,E07000241,Welwyn Hatfield,525345,208467,-0.18517999,51.76087189,129536893.582703,82391.8587791949,5844ca63-796e-4d65-9e7e-783953eaa13c
256,E07000242,East Hertfordshire,537995,220370,0.002739,51.86484909,475669221.055046,135188.78132584,a90abffa-d8b8-49bb-8e59-8ed540891ad5
257,E07000243,Stevenage,524622,224531,-0.18987,51.90539169,25969242.7026672,28588.2141103695,b043cce3-5264-443e-bd0e-a7ea574bb793
258,E08000001,Bolton,368352,409873,-2.47952008,53.58449173,139792052.869843,82646.8760202862,e6f9d899-3885-4b5c-8d2d-278cc2907fde
259,E08000002,Bury,379658,410768,-2.30879998,53.5931015,99460126.5477753,68541.7099071727,662437c1-8276-4c99-95e4-40ca5b892bf3
260,E08000003,Manchester,384591,397063,-2.23358989,53.47008896,115648229.027023,86850.9962244684,e76526b3-73fc-467f-8bd5-7e89363016b0
261,E08000004,Oldham,396603,406784,-2.0527401,53.55767822,142344917.565521,71165.6790287165,fbef18a0-7b73-4f09-9cf8-0d2bb0264ded
262,E08000005,Rochdale,390315,412326,-2.14784002,53.60741043,158128178.436234,82713.0475679605,2a6e98f6-e08c-4ad1-8793-ed8d45e5ddbe
263,E08000006,Salford,374556,398128,-2.38485003,53.47927094,97197268.2136688,63268.4573014659,95cad2d4-dd71-4e16-bd82-033b6e283f8d
264,E08000007,Stockport,391806,388264,-2.12467003,53.39115906,126040274.929794,73638.5766815924,78b93d9b-182e-44aa-8280-7a9ab7d7a584
265,E08000008,Tameside,394987,397995,-2.0769999,53.47866821,103154301.551361,55988.9469323205,2ca3510e-5459-44b8-94d6-513cc7dc75e3
266,E08000009,Trafford,375790,391162,-2.36572003,53.4167099,106044768.36879,60712.6020378811,2fa350bc-b1fc-48c3-a173-724a6f505107
267,E08000010,Wigan,362136,402126,-2.57246995,53.51445007,188171015.106247,88690.0074789609,e273ff25-1142-4718-9393-fbc894146e28
268,E08000011,Knowsley,344762,393778,-2.8329699,53.43788147,86500064.5059128,68167.3515421143,99bac493-1b30-400f-aa32-5f4fc8199f1c
269,E08000012,Liverpool,339361,390553,-2.91364002,53.40829849,133533740.436028,67269.5258365208,ad623fe2-85f7-4090-babe-50040b16f5ba
270,E08000013,St. Helens,353412,395992,-2.70309997,53.45861816,136358792.176361,76386.5332646215,14703a0d-17b7-447c-9b4d-667090dff2d7
271,E08000014,Sefton,334264,398832,-2.99203992,53.48210144,204779736.234558,124317.198038283,b67a8a49-7994-44de-8c9f-f10cf4847a72
272,E08000015,Wirral,329242,386937,-3.06502008,53.37453842,256399074.505318,97884.9755208046,40e20e44-246e-4f31-a107-ef5fdd4bac4d
273,E08000016,Barnsley,429979,403327,-1.54925001,53.52576828,329077594.511795,126421.060736439,675fe1ba-d299-4b95-b2a0-30fa248462d6
274,E08000017,Doncaster,459167,403735,-1.10894001,53.52696991,568551039.374771,135161.123487722,9fd06796-c7ba-45b5-8854-056913f70ccd
275,E08000018,Rotherham,447542,388980,-1.28650999,53.3955307,286534365.990829,106151.902204797,b5d8202d-5709-4c67-8a05-f9252ef61c2d
276,E08000019,Sheffield,430511,389736,-1.54253995,53.40357971,367930016.241074,132837.058438705,920c28ee-96db-43e3-a635-13eb1a16c046
277,E08000021,Newcastle upon Tyne,422287,569662,-1.65296996,55.02101135,115117793.532883,61724.6181373063,228fc86b-0993-40f4-a99e-db833f1b9702
278,E08000022,North Tyneside,431471,570602,-1.50923002,55.02896118,84819239.3013153,66218.3923269774,d379b6e8-d29c-4110-aa7d-f6c06825539f
279,E08000023,South Tyneside,435503,564057,-1.44695997,54.96987915,67108370.5809784,45677.0502483431,8d509aee-7ed6-4f15-a8cb-0d9d2bff22f6
280,E08000024,Sunderland,436470,551525,-1.43343997,54.85720062,139630136.388748,69187.724771769,3f1cacd2-8e1b-4582-8d5e-7816b75bd719
281,E08000025,Birmingham,408150,287352,-1.88141,52.48403931,267791067.240654,106260.438766909,cf8d58be-1e92-4e96-9a62-f98305ae3be4
282,E08000026,Coventry,432807,279689,-1.51908004,52.41423035,98639062.7695007,54057.1876455076,1446c41c-a4b2-43fc-8639-a1bc174db165
283,E08000027,Dudley,393191,288584,-2.10171008,52.49512863,97958244.6995087,75382.1387509677,35359b0e-4bcd-4353-8bda-dcf31e3ff681
284,E08000028,Sandwell,399573,290764,-2.00770998,52.51477051,85558925.9947128,59210.7234972311,3fc32cfa-86d2-4568-becd-e8869be1aa56
285,E08000029,Solihull,419434,281483,-1.71557999,52.43099976,178282109.185928,101031.202304049,7bdc018c-1da4-4f2a-943c-7d9af4253dcd
286,E08000030,Walsall,402098,300804,-1.97044003,52.60503006,103973544.783409,59405.303023313,0c07ce7f-9cf3-40ff-867a-f344fd0d15a6
287,E08000031,Wolverhampton,391463,300016,-2.12746,52.59788132,69436702.7174149,56058.8773358147,6450eb27-6547-43f8-89f1-d01783cfa1be
288,E08000032,Bradford,408395,438626,-1.87389004,53.84381866,366419731.359344,135920.236939822,c534a29a-f47e-4d33-af43-02d90c01f516
289,E08000033,Calderdale,402617,424896,-1.96182001,53.72048187,363960999.656845,107687.155125128,f09f0dd4-704c-453a-b00c-ec6bce4c5216
290,E08000034,Kirklees,414586,416223,-1.78085005,53.64233017,408551661.82431,125668.195278309,7da2b0ec-9128-4130-9978-45c7f9bfead1
291,E08000035,Leeds,432528,436384,-1.50735998,53.82273102,551706533.082565,161521.600495069,a3269bd9-e7a2-4bfe-88b6-bfbac71f58aa
292,E08000036,Wakefield,438366,418235,-1.42092001,53.65922165,338619733.594986,109447.255239398,39d4aea7-5615-48e6-9db1-9ae5baf900e8
293,E08000037,Gateshead,420168,559658,-1.6868,54.93119812,144079857.33728,79722.6897157418,a831da51-f3f0-4611-9217-098da8f0f151
294,E09000001,City of London,532382,181358,-0.09351,51.51564026,3149381.82175446,9601.69398715804,5cee7cad-da45-4074-a347-dbb24a248324
295,E09000002,Barking and Dagenham,547759,185107,0.12950601,51.54552078,37799328.2675629,36967.0444416961,174774c6-fad7-4987-9c23-29ac2d7b306b
296,E09000003,Barnet,523472,191753,-0.21821,51.61108017,86748323.4993134,50818.3732582169,a896b76b-1fe6-4da2-84b5-c48baf8055d0
297,E09000004,Bexley,549202,175433,0.146212,51.45820999,64286460.8190994,43418.4952859692,4510bddb-0801-4346-a214-61aba6bbf040
298,E09000005,Brent,519615,186468,-0.27568001,51.56441116,43232646.3529129,38333.8389870364,ee882224-4b39-452e-93e3-539b94b541d4
299,E09000006,Bromley,542036,165708,0.039246,51.37266922,150134859.54689,76163.8081656549,27fafea3-8f7e-4a86-b344-f4e276974693
300,E09000007,Camden,527492,184284,-0.16289,51.5430603,21789301.7019043,26150.6762679447,483bc533-05d8-4905-a9fd-43277d0fd7bf
301,E09000008,Croydon,533922,164745,-0.07761,51.36597824,86494435.7295609,58703.7756668521,c12ab8fc-af16-40c4-9cb4-68479c7c126a
302,E09000009,Ealing,517057,181960,-0.31406999,51.52442932,55544346.2920837,47438.6639209701,4532ed79-490c-4488-a0ea-55ed0fc87d8e
303,E09000010,Enfield,532829,196197,-0.08147,51.64888,82200193.55159,41064.4721171347,91daf1e2-fa12-4a0a-a2aa-f3dc2fb0e8e3
304,E09000011,Greenwich,542508,175881,0.050108,51.46395874,50441947.2758255,45579.1454866137,42833ef7-6880-49e2-8268-b05998ca8f75
305,E09000012,Hackney,534560,185787,-0.06045,51.5549202,19049030.6858444,25382.8306902121,91f0d852-d9b0-4ac7-96c8-a8130c3647f9
306,E09000013,Hammersmith and Fulham,523866,177998,-0.21736,51.48736954,17154070.7425232,23938.7979305368,2fc8d4c0-1204-4b1e-b485-332dfd9044bc
307,E09000014,Haringey,531262,189349,-0.10667,51.58771133,29598383.3438873,29025.0652334861,ee4d5dfb-768f-46f6-8b1d-ad885877f5ae
308,E09000015,Harrow,515356,189736,-0.33603001,51.59466934,50463306.4077072,33735.4592043185,284633bd-8455-40db-b2a8-9a1f03b462a4
309,E09000016,Havering,555032,187514,0.235368,51.56518936,114457262.988472,63860.6080603036,d0764c3b-29f9-425a-b8a5-c940661a61ab
310,E09000017,Hillingdon,508166,183120,-0.44182,51.53662872,115700540.914246,63886.5110310922,5d0a1a66-7084-4058-9c22-96e116b275b1
311,E09000018,Hounslow,512744,174965,-0.37843999,51.46242905,56585440.9631805,57608.4637083126,915d3b5c-d977-409c-adf6-ce285aaa7eda
312,E09000019,Islington,531158,184647,-0.10992,51.54547882,14856650.1578751,20727.8010632854,59db28ff-113b-4651-ac1c-401d37eb914f
313,E09000020,Kensington and Chelsea,525757,179053,-0.18976,51.49644089,12383786.2795944,21002.3972942494,32f6010a-a34d-48e2-937d-000c28627781
314,E09000021,Kingston upon Thames,519508,167389,-0.28367001,51.39295959,37261180.4828796,37553.0934766874,f55e5bd6-a847-4fe6-8e20-15913028279a
315,E09000022,Lambeth,531118,175626,-0.11385,51.46442032,27249338.4406815,34179.4105527282,c97da187-c9d1-4cbd-a4a9-3e9416c274aa
316,E09000023,Lewisham,537889,173344,-0.01733,51.44231033,35317028.1203461,41088.4240445896,d0adf2a4-820c-4b69-ab7e-183182479226
317,E09000024,Merton,526069,169507,-0.18866999,51.41056824,37624734.8684082,32349.0140233128,884f5408-ee9f-44ac-b20b-793a57f5cf2c
318,E09000025,Newham,540721,183327,0.027369,51.53131866,38578080.1937637,31823.2010533745,48b15e56-8ac9-4703-9424-a49bfdbf683f
319,E09000026,Redbridge,543512,189478,0.070085,51.58589172,56442210.6321259,45768.6582475297,d6a46550-ccae-46eb-bc03-6a848f71f27d
320,E09000027,Richmond upon Thames,519005,172648,-0.28913999,51.44033051,58761175.0207214,52353.9222874974,011b7a64-13fb-4feb-b2c9-1ba099b2b98f
321,E09000028,Southwark,533945,175863,-0.07309,51.46588898,29913440.9757996,33627.0149391143,e98dd4eb-01b5-47ff-87e4-de98411d3986
322,E09000029,Sutton,527356,163640,-0.17227,51.3575592,43846975.8620071,39844.2407516934,232642d1-7f26-4725-baa9-b6a041ab56ba
323,E09000030,Tower Hamlets,536345,181451,-0.0364,51.51552963,21574975.6740646,26802.774763204,b0931755-8264-492c-a417-f7ade2612d12
324,E09000031,Waltham Forest,537327,190277,-0.01881,51.59460831,38807956.9323502,33339.2631217211,0f484c1f-e6c2-43de-9192-c80b8ab8707d
325,E09000032,Wandsworth,525152,174137,-0.20021001,51.45238876,35220158.4366684,37404.4096825773,213cf65c-fea6-419a-963c-8ef1ba365215
326,E09000033,Westminster,528268,180871,-0.15295,51.51221085,22030053.5537491,27156.2460503858,f313bbf2-ab89-46fa-b5d5-4a3d7d43a0fa
327,N09000001,Antrim and Newtownabbey,130876,541274,-6.17660999,54.69379044,728373510.748905,165164.941316152,bc8f29f9-ca52-4d53-bc8e-b037eb1d956a
328,N09000002,"Armagh CIty, Banbridge and Craigavon",112171,508143,-6.43359995,54.38660049,1437432245.1124,243085.922967239,795fecbd-2b44-4842-a8e6-69c14a42cd01
329,N09000003,Belfast,146530,529734,-5.92433023,54.59844971,137751558.20993,65915.8348975192,0bf671bc-b2e0-44d9-8c81-066565875ac7
330,N09000004,Causeway Coast and Glens,106227,581413,-6.59867001,55.03958893,1986058534.36938,381796.896185732,b9d3ee70-3802-414e-8dba-1055ee898205
331,N09000005,Derry City and Strabane,51832,559556,-7.4197998,54.80899048,1251561741.51496,271523.349021944,33d9e535-f439-45bc-9111-fe06f9fbc360
332,N09000006,Fermanagh and Omagh,41284,512998,-7.52629995,54.38510895,3012884489.88187,426677.717198695,e83c3d47-305f-4752-ace4-fedb26db65b8
333,N09000007,Lisburn and Castlereagh,138776,518906,-6.03445005,54.49742889,510566859.288212,167403.438011752,6298d096-35a4-4c4b-811b-9b6f99add6bf
334,N09000008,Mid and East Antrim,134007,560141,-6.14545012,54.86455917,1061633112.71782,234891.882934871,44e52c83-6cf0-4a43-b8b3-1f46a2abc867
335,N09000009,Mid Ulster,83977,528551,-6.88801003,54.55265045,1957795209.20052,318473.391953588,d3641058-36fa-4a5a-9308-6cf63a7a3b16
336,N09000010,"Newry, Mourne and Down",133070,480413,-6.08791018,54.1493988,1682759982.44663,380138.08804255,ba469889-16bf-44dc-a4b6-29040e1a4a46
337,N09000011,Ards and North Down,164388,524930,-5.64463997,54.56399918,566614463.300735,204706.569969307,1ea0aaaf-ed76-408a-b8ec-a608ad503b71
338,S30000001,Angus,345518,759594,-2.89189005,56.72480011,2204238292.70125,311429.570986856,61f849f2-3072-41ba-814f-e5c790718b7c
339,S30000002,Dundee City,340292,732147,-2.9709301,56.47761917,62222920.5466766,53957.8793448868,ecf20a08-81cd-4e5d-891d-3f68c7510da1
340,S30000003,Clackmannanshire,291159,696335,-3.7534399,56.14723969,163921174.342819,83948.3337732051,52d01746-5b28-4044-a7df-6952e932a4b1
341,S30000004,Fife,339197,704726,-2.98235011,56.23117065,1373921050.43213,366446.203046452,b61a672a-70df-4072-ad2b-40da5d606e29
342,S30000005,East Lothian,354854,672351,-2.72434998,55.94207001,700937741.536942,199819.974218186,2f68791a-0fe6-418c-bdfc-99dca98383c3
343,S30000006,Midlothian,330088,659217,-3.1173799,55.82110977,355275234.735275,126403.590059871,a96ee4d9-057d-40ce-8132-856f93ba192c
344,S30000007,Scottish Borders,345891,626135,-2.85865998,55.52593994,4742657026.62308,525114.199293364,799aa848-a006-421c-aaa5-c46daae1541d
345,S30000008,City of Edinburgh,320193,669416,-3.27825999,55.91119003,273044315.685303,110790.869887265,fd2d90c6-e933-44b4-ba2c-316436961033
346,S30000009,Falkirk,289661,679536,-3.77060008,55.99604034,314931416.750214,125238.727701971,1240ac3d-70c0-43de-abbe-7e0abad0e39e
347,S30000010,Perth and Kinross,284304,744186,-3.88479996,56.57529068,5418909139.55455,566979.773534663,ef9f4f66-4444-4c9d-8956-617cf1cadb3f
348,S30000011,Stirling,255980,708769,-4.32595015,56.24953079,2254811736.731,331224.344697131,1915b144-59ee-427a-a789-161fd121770b
349,S30000012,West Lothian,299483,668514,-3.60909009,55.89920044,431585020.944946,137340.559479656,f8a9ddd0-fe7f-4422-944c-6ec5fb346045
350,S30000013,Helensburgh and Lomond,229869,693362,-4.73698997,56.10263062,394054985.912689,181714.02316109,4543b63c-b48b-400b-9369-b707c3cbdf5b
351,S30000014,West Dunbartonshire,242904,681587,-4.52074003,56.00141144,182777851.425766,84651.8740660025,721b287f-7b12-4b9f-9c38-0ef2f8500683
352,S30000015,East Dunbartonshire,261240,676154,-4.22417021,55.9582901,174611401.572586,99590.8807557247,a8db3d2a-56cc-4854-afb5-0063374aa544
353,S30000016,Dumfries and Galloway,270645,579857,-4.02862978,55.09621811,6676051809.16512,846885.092309939,f03de091-395c-402b-a2bf-cca0b52fc5ad
354,S30000017,East Ayrshire,255398,624935,-4.29056978,55.49673843,1270334184.06979,340606.716508323,efb815e4-82a3-4207-973d-9a8a2580d839
355,S30000018,North Ayrshire mainland,228984,651640,-4.7247901,55.72787857,450031064.229111,177372.089974203,d2e6d1c8-9c1d-4317-a123-ac90142cc1e2
356,S30000019,Glasgow City,261534,667032,-4.21478987,55.8764801,176432501.019806,108085.288609278,bf819804-6019-4f2e-b5b7-053f6d4ef754
357,S30000020,East Renfrewshire,251929,653115,-4.36059999,55.74868011,173791892.905014,94901.8793175324,e86df9d6-bc04-4cc2-9a55-8da08d51c8b2
358,S30000021,Renfrewshire,239305,664698,-4.56833982,55.84862137,269672554.197861,105350.108060759,b008d110-1e6b-4cd3-af3a-0fbd372e021d
359,S30000022,Inverclyde,227922,670899,-4.75387001,55.90034866,173564436.167343,76066.0605584493,b4f8f770-da24-4d1a-8564-95b55a5cf88c
360,S30000023,North Lanarkshire,277984,665608,-3.95140004,55.86814117,472126116.104904,164091.167270067,6032e16b-6079-4ac9-8e55-71e6651054f3
361,S30000024,South Ayrshire,226544,596270,-4.72901011,55.23006821,1234722063.0525,336572.097905825,c6681797-c3e6-41b0-a5d6-bb6285cc3d9b
362,S30000025,South Lanarkshire,284635,636070,-3.83270001,55.60451889,1774051843.42517,283934.294608775,c087af1e-2962-45ae-925c-c34e92099c20
363,S30000026,Aberdeen City,387762,808483,-2.204,57.16701126,205610280.144653,99214.825011683,4132903c-2136-48d5-b833-a6c7fb918576
364,S30000027,Aberdeenshire,352286,816276,-2.79204988,57.23468018,6338816999.963,810552.977873839,bee650eb-236f-4ada-995e-4fa4989dc29c
365,S30000028,Ross and Cromarty,233927,877055,-4.7924099,57.75234985,5299661477.83156,1183907.95170306,10cdd8b5-ac6c-472d-bdf8-553ee3fba1f2
366,S30000029,Caithness and Sutherland,271976,929385,-4.1820302,58.23450089,7940398771.11746,1487876.36966479,2dfac940-e04e-4d63-a480-3605bae769d9
367,S30000030,Inverness and Nairn,253629,829594,-4.43312979,57.33327866,3356414506.44676,332043.733119547,6f0f11b7-b3a6-467b-9fc4-10eef5549459
368,S30000031,Badenoch and Strathspey,278552,799988,-4.00497007,57.07482147,2369813239.8111,300261.87902914,31eb65c1-c7a2-4986-b6d1-b9a11a08f840
369,S30000032,West Moray,318815,831359,-3.35134006,57.36540985,1427752034.97237,361443.982812173,79c8757f-d5d6-4667-a839-dce0c7cefa1e
370,S30000033,North East Moray,343183,855867,-2.95200992,57.58921814,829321386.65947,251891.331758079,455656e9-529f-4f7c-ac20-20fef17d5a35
371,S30000034,Arran and Cumbrae,195921,636363,-5.23905993,55.57804108,453883593.084579,190739.698627079,ac5b76b1-bfcd-49b7-a163-c1e520e742d2
372,S30000035,Argyll and Bute Islands,161659,737691,-5.87131023,56.4708519,2211523658.94898,1846288.7817974,d836973c-afbf-4bac-8e12-00e9927efd8b
373,S30000036,Argyll and Bute Mainland,200740,715442,-5.22113991,56.28942871,4557396888.23798,1735469.04326134,2b2f98bf-00c3-4d7a-8a0e-570aeb35a5de
374,S30000037,Lochaber,193798,781364,-5.38560009,56.87767029,4719222820.54111,1185581.82300585,70ccad30-e249-4e6b-9aad-c21161ba9eb1
375,S30000038,Skye and Lochalsh,146326,845171,-6.22733021,57.42580032,2798846224.48949,1331356.45180121,43c2d57b-2da7-47f4-afcf-54976a3d2c70
376,S30000039,Na h-Eileanan Siar,126473,932862,-6.65721989,58.19937897,3268543996.79374,3726411.69726461,d0c75af9-7c3b-4b25-b39a-40c8f6e58df7
377,S30000040,Orkney Islands,348291,1006584,-2.90028,58.9433403,1086210151.63239,1589437.26017339,599c1fa9-9549-4e55-a764-94371a05fc10
378,S30000041,Shetland Islands,434516,1180307,-1.37344003,60.50495148,1656589871.72769,2212002.70377811,8905a34a-eeb6-48df-baad-90fa505821e9
379,W06000001,Isle of Anglesey,245222,378346,-4.32290983,53.27944946,749022719.570175,250277.387474238,dd53d917-8251-427d-be62-b126dcb78729
380,W06000002,Gwynedd,277968,334967,-3.8155899,52.89825821,2622378512.2977,465995.437081346,2449da18-d3b2-4c42-84b1-f6fd8b485d3f
381,W06000003,Conwy,283293,362562,-3.74645996,53.14738846,1153483606.03745,242526.856252052,2f4c5472-9562-4fd4-83e1-28a63b72566e
382,W06000004,Denbighshire,309843,355416,-3.34761,53.08832932,846380194.76226,220794.401440706,e6416c7c-3bcd-4006-a8a5-0bcb20972852
383,W06000005,Flintshire,321564,369303,-3.17604995,53.21498108,489439481.628357,149718.995088139,e9f9b0c8-86a9-4f02-be6a-dfae5f45184a
384,W06000006,Wrexham,333523,345387,-2.99202991,53.00167084,503773483.517349,190056.478967273,45fd4d15-a0d3-429a-9fcf-fb97a301b591
385,W06000008,Ceredigion,267126,268437,-3.94993997,52.29795074,1805867358.41378,325626.536310046,6ef6584c-9e5f-44f2-b9e4-cde370049d1b
386,W06000009,Pembrokeshire,199821,221391,-4.90818024,51.85512161,1650471886.96507,548982.111779333,a59adc75-a641-474f-9e2a-551025f9cc30
387,W06000010,Carmarthenshire,247954,224133,-4.2111001,51.89495087,2438947043.64305,362827.516842483,13a13346-7605-4c53-896b-a10e1bbef03f
388,W06000011,Swansea,264022,197308,-3.96723008,51.65805817,420897960.454395,147002.394632164,bc4d138d-e17b-4c41-84f0-8d5470235882
389,W06000012,Neath Port Talbot,279261,195412,-3.74638009,51.64450073,451869990.504704,133805.08704207,68baac0c-0ae8-488c-87fc-a858c469f878
390,W06000013,Bridgend,288242,185868,-3.61359,51.56058121,255311503.244495,89760.8951668182,cbc6c949-d727-46d9-8b54-16e88d20e3a7
391,W06000014,Vale of Glamorgan,302946,173083,-3.39803004,51.44837952,339675776.845921,102214.869406708,8f22b133-9380-43a3-a552-2f79cd072ac7
392,W06000015,Cardiff,315270,178887,-3.22212005,51.50254059,149511253.809006,70553.4573041157,845c4f9b-8961-467c-a9eb-9f2e352e80c5
393,W06000016,Rhondda Cynon Taf,302237,192395,-3.41358995,51.62184906,424150428.49028,130240.447589237,98789828-1396-4f0e-9859-5094d8fd74a1
394,W06000018,Caerphilly,317245,195259,-3.19753003,51.65000916,277387820.327572,116205.410210215,e56f7482-f18b-46fa-8bb8-d70868c7669c
395,W06000019,Blaenau Gwent,318236,206771,-3.18592,51.75363922,108728051.616116,65601.6368305073,15356b5c-f837-4999-bbf4-c28628a65693
396,W06000020,Torfaen,327459,200480,-3.05100989,51.69836044,126239928.567707,82544.7312019212,563a61c5-54c0-4369-a9db-93b43ee33209
397,W06000021,Monmouthshire,337812,209231,-2.90280008,51.77827072,886053494.097614,251039.566528029,d18c17b1-52d1-40a3-b876-ffad31fabe87
398,W06000022,Newport,337897,187433,-2.89769006,51.58232117,217767580.8922,135977.548891922,c9445f08-ae4a-4143-9533-19b44a0fb3b2
399,W06000023,Powys,302328,273254,-3.43532991,52.348629,5195456323.75606,606572.744310614,6198dccc-eeaa-4ae6-9002-097d12016251
400,W06000024,Merthyr Tydfil,305916,206424,-3.36424994,51.74858093,111956999.75531,66696.8308600217,d1fbc0c2-07b3-4c5d-9fb5-f08ef11b28ee
